{"cameraMode":{"drawMode":0,"name":"Shaded","section":"Shading Mode"},"sceneLighting":false,"audioPlay":false,"sceneViewState":{"showFog":true,"showMaterialUpdate":false,"showSkybox":false,"showFlares":true,"showImageEffects":true,"showParticleSystems":true},"in2DMode":false,"pivot":{"x":-0.4110502004623413,"y":3.9473581314086916,"z":-1.6050957441329957},"rotation":{"x":0.2731090188026428,"y":0.28210967779159548,"z":-0.08412591367959976,"w":0.915841817855835},"size":2.8433403968811037,"orthographic":false}