{"cameraMode":{"drawMode":0,"name":"Shaded","section":"Shading Mode"},"sceneLighting":true,"audioPlay":false,"sceneViewState":{"showFog":true,"showMaterialUpdate":true,"showSkybox":true,"showFlares":true,"showImageEffects":true,"showParticleSystems":true},"in2DMode":false,"pivot":{"x":-10.036762237548829,"y":40.07880783081055,"z":23.10198974609375},"rotation":{"x":-0.17504531145095826,"y":-0.10698717832565308,"z":-0.019090358167886735,"w":0.9785800576210022},"size":107.468994140625,"orthographic":false}